Location Name,Address,City,State,Zip
The Willows of Bellevue,101 Auxiliary Dr,Bellevue,OH,44811
The Willows at Bowling Green,525 S Dunbridge Rd,Bowling Green,OH,43402
The Heritage,2820 Greenacre Dr,Findlay,OH,45840
Valley View Health Campus,1247 N River Rd,Fremont,OH,43420
Genoa Retirement Village,300 Cherry St,Genoa,OH,43430
The Meadows of Kalida,755 Ottawa St,Kalida,OH,45853
The Meadows of Leipsic,901 E Main St,Leipsic,OH,45856
The Lakes of Monclova,6935 Monclova Rd,Maumee,OH,43537
Briar Hill,600 Sterling Dr,North Baltimore,OH,45872
The Meadows of Ottawa,147 Putnam Pkwy,Ottawa,OH,45875
The Lakes of Sylvania,5351 Mitchaw Rd,Sylvania,OH,43560
The Willows at Tiffin,410 Fair Ln,Tiffin,OH,44883
The Willows at Willard,1050 Neal Zick Rd,Willard,OH,44890
Kingston of Perrysburg,333 E Boundary St.,Perrysburg,OH,
Kingston of Vermilion,4210 Telegraph Ln,Vermilion,OH,44089
Kingston of Sylvania,4121 King Rd,Sylvania,OH,43560
Kingston of Ashland,20 Amberwood Pkwy,Ashland,OH,44805